Received: from NAHOU-MSMBX01V ([192.168.110.38]) by NAHOU-MSMBX05V.corp.enron.com with Microsoft SMTPSVC(5.0.2195.1600);
	 Thu, 2 Aug 2001 10:23:48 -0500
X-MimeOLE: Produced By Microsoft Exchange V6.0.4418.65
content-class: urn:content-classes:message
MIME-Version: 1.0
Content-Type: text/plain;
Content-Transfer-Encoding: binary
Subject: FW: Private Equity Transactions and LJM2 (From A Fastow)
Date: Thu, 2 Aug 2001 10:23:47 -0500
Message-ID: <7496C8DC16FAB34AB914989FC183EA8211ADA7@NAHOU-MSMBX01V.corp.enron.com>
X-MS-Has-Attach: 
X-MS-TNEF-Correlator: <7496C8DC16FAB34AB914989FC183EA8211ADA7@NAHOU-MSMBX01V.corp.enron.com>
Thread-Topic: Executive Committee Meeting
Thread-Index: AcEazlgswKnQmRdrRQeY+kZ6Nj1AkgAjOZXAAAFELAAAARlhoA==
From: "Davidson, Sara" <Sara.Davidson@ENRON.com>
To: <aconge1@pdq.net>,
	"Aronowitz, Alan" <Alan.Aronowitz@ENRON.com>,
	"Goodrow, Alicia" <Alicia.Goodrow@ENRON.com>,
	"Edison, Andrew" <Andrew.Edison@ENRON.com>,
	"Wu, Andrew" <Andrew.Wu@ENRON.com>,
	"Davis, Angela" <Angela.Davis@ENRON.com>,
	"Koehler, Anne C." <Anne.C.Koehler@ENRON.com>,
	<annette.glod@enron.com>,
	<annmarie.tiller@enron.com>,
	<aralsto@enron.com>,
	"Gray, Barbara N." <Barbara.N.Gray@ENRON.com>,
	"Clark, Barton" <Barton.Clark@ENRON.com>,
	<bdavis@enron.com>,
	"Bowes, Bill" <Bill.Bowes@ENRON.com>,
	"Nelson, Bonnie" <Bonnie.Nelson@ENRON.com>,
	"White, Bonnie" <Bonnie.White@ENRON.com>,
	<brapp@enron.com>,
	"Funk, Brenda L." <Brenda.L.Funk@ENRON.com>,
	"Hendry, Brent" <Brent.Hendry@ENRON.com>,
	"Vasconcellos, Brent" <Brent.Vasconcellos@ENRON.com>,
	"Lundstrom, Bruce" <Bruce.Lundstrom@ENRON.com>,
	<bvote@enron.com>,
	<cabrams@enron.com>,
	"Kyle, Candace" <Candace.Kyle@ENRON.com>,
	"Sole III, Carlos" <Carlos.Sole@ENRON.com>,
	"St. Clair, Carol" <Carol.St.Clair@ENRON.com>,
	"Cheek, Charles" <Charles.Cheek@ENRON.com>,
	"Nelson, Cheryl" <Cheryl.Nelson@ENRON.com>,
	"Raker, Colleen" <Colleen.Raker@ENRON.com>,
	"Rivera, Coralina" <Coralina.Rivera@ENRON.com>,
	<cwalther@enron.com>,
	<cynthia_harkness@enron.net>,
	"Lyons, Dan" <Dan.Lyons@ENRON.com>,
	"Rogers, Daniel R." <Daniel.R.Rogers@ENRON.com>,
	<dasmus@enron.com>,
	"Bargainer, David K." <David.K.Bargainer@ENRON.com>,
	"Portz, David" <David.Portz@ENRON.com>,
	"Koogler, David" <david_koogler@enron.net>,
	<david_lawler@eott.com>,
	<dculver@enron.com>,
	<dgrant@enron.com>,
	<dmccopp@enron.com>,
	<dnutt@enron.com>,
	"Carolan, Dominic" <Dominic.Carolan@ENRON.com>,
	"Dewar, Donette" <Donette.Dewar@ENRON.com>,
	"Fossum, Drew" <Drew.Fossum@ENRON.com>,
	<droland@enron.com>,
	"Morris, Dub" <Dub.Morris@ENRON.com>,
	"Daniels, Eddy" <Eddy.Daniels@ENRON.com>,
	"Essandoh, Edwin" <Edwin.Essandoh@ENRON.com>,
	<ekisluk@enron.com>,
	<elabano@enron.com>,
	"Sager, Elizabeth" <Elizabeth.Sager@ENRON.com>,
	<fleite@enron.com>,
	"Sayre, Frank" <Frank.Sayre@ENRON.com>,
	"King Jr., Frazier" <Frazier.King@ENRON.com>,
	"Brownfeld, Gail" <Gail.Brownfeld@ENRON.com>,
	"Bahlmann, Gareth" <Gareth.Bahlmann@ENRON.com>,
	"Nemec, Gerald" <Gerald.Nemec@ENRON.com>,
	"Melman, Gil M." <gil_melman@enron.net>,
	"Collins Jr., Harry M." <Harry.M.Collins@ENRON.com>,
	<jale@azurix.com>,
	"Derrick Jr., James" <James.Derrick@ENRON.com>,
	"MacCallon, James" <James.MacCallon@ENRON.com>,
	<janice.r.moore@enron.com>,
	"Blumenthal, Jeff" <Jeff.Blumenthal@ENRON.com>,
	"Hodge, Jeffrey T." <Jeffrey.T.Hodge@ENRON.com>,
	"Seade, Jerry" <Jerry.Seade@ENRON.com>,
	<jfischer@enron.com>,
	<jhmoore@enron.com>,
	<jhudson@enron.com>,
	"Armogida, Jim" <Jim.Armogida@ENRON.com>,
	<jkeller@enron.com>,
	"Ephross, Joel" <Joel.Ephross@ENRON.com>,
	"Viverito, John" <John.Viverito@ENRON.com>,
	<john_zimmerman@eott.com>,
	"Mintz, Jordan" <Jordan.Mintz@ENRON.com>,
	"Chin, Julia H." <Julia.H.Chin@ENRON.com>,
	"Murray, Julia" <Julia.Murray@ENRON.com>,
	"Mann, Kay" <Kay.Mann@enron.com>,
	"Krasny, Kenneth" <Kenneth.Krasny@ENRON.com>,
	"Liss, Kevin" <Kevin.Liss@ENRON.com>,
	<khiggas@enron.com>,
	<kneuner@enron.com>,
	"Sullivan, Kriste" <Kriste.Sullivan@ENRON.com>,
	"Mordaunt, Kristina" <kristina_mordaunt@enron.net>,
	<kwilkie@enron.com>,
	"Schuler, Lance" <Lance.Schuler-Legal@ENRON.com>,
	<laven@enron.com>,
	"White, Leesa" <Leesa.White@ENRON.com>,
	<lhuber@enron.com>,
	"Jimenez, Lina" <Lina.Jimenez@ENRON.com>,
	"Mellencamp, Lisa" <Lisa.Mellencamp@ENRON.com>,
	"Soldano, Louis" <Louis.Soldano@ENRON.com>,
	<lstoler@enron.com>,
	"Nettelton, Marcus" <Marcus.Nettelton@ENRON.com>,
	"Maddox, Margaret" <Margaret.Maddox@ENRON.com>,
	<mark.antonvich@enron.com>,
	<mark.e.haedicke@enron.com>,
	"Greenberg, Mark" <Mark.Greenberg@ENRON.com>,
	"Holsworth, Mark" <Mark.Holsworth@ENRON.com>,
	"Taylor, Mark E (Legal)" <Mark.Taylor@ENRON.com>,
	"Cook, Mary" <Mary.Cook@ENRON.com>,
	<mcastano@enron.com>,
	"Winn, Melinda" <Melinda.Winn@ENRON.com>,
	<mgocker@enron.com>,
	"Robison, Michael A." <Michael.A.Robison@ENRON.com>,
	"Blaine, Michelle" <Michelle.Blaine@ENRON.com>,
	"Cash, Michelle" <Michelle.Cash@ENRON.com>,
	"Hicks, Michelle" <michelle_hicks@enron.net>,
	"Mendoza, Miguel" <Miguel.Mendoza@ENRON.com>,
	<mike_kelly@eott.com>,
	"Maynard, Marc" <marc.maynard@enron.com>,
	<molly_sample@eott.com>,
	"Smith, Martin" <martin.smith@enron.com>,
	"Corbet, Nancy" <Nancy.Corbet@ENRON.com>,
	<ncrady@enron.com>,
	"Dobin, Nora" <Nora.Dobin@ENRON.com>,
	"Puchot, Paul" <paul_puchot@enron.net>,
	<peggy.banczak@enron.com>,
	"Del vecchio, Peter" <Peter.Del.Vecchio@ENRON.com>,
	"Crowley, Philip" <Philip.Crowley@ENRON.com>,
	<radzgery@enron.com>,
	"Pais, Randy" <Randy.Pais@ENRON.com>,
	"Young, Randel" <Randy.Young@ENRON.com>,
	"Garcia, Reynaldo" <Reynaldo.Garcia@ENRON.com>,
	<rfreed@enron.com>,
	<rhett.jackson@enron.com>,
	"Sanders, Richard B." <Richard.B.Sanders@ENRON.com>,
	"Hopkinson, Rick" <Rick.Hopkinson@ENRON.com>,
	"Walls Jr., Rob" <Rob.Walls@ENRON.com>,
	<robbi_rossi@enron.net>,
	"Bruce, Robert" <Robert.Bruce@ENRON.com>,
	"Eickenroht, Robert" <Robert.Eickenroht@ENRON.com>,
	"George, Robert H." <Robert.H.George@ENRON.com>,
	"Hermann, Robert" <Robert.Hermann@ENRON.com>,
	"Ward Jr., Robert (Bob)" <Robert.Ward@ENRON.com>,
	"Engeldorf, Roseann" <Roseann.Engeldorf@ENRON.com>,
	<rrogers@enron.com>,
	<rwillia2@enron.com>,
	<sandi.braband@enron.com>,
	"Shackleton, Sara" <Sara.Shackleton@ENRON.com>,
	"Dietrich, Sarah" <Sarah.Dietrich@ENRON.com>,
	<scorman@enron.com>,
	"Dieball, Scott" <Scott.Dieball@ENRON.com>,
	"Butcher, Sharon" <Sharon.Butcher@ENRON.com>,
	"Tweed, Sheila" <Sheila.Tweed@ENRON.com>,
	"Daniel, Shonnie" <Shonnie.Daniel@ENRON.com>,
	"Holtzman, Staci" <Staci.Holtzman@ENRON.com>,
	<stacy.dunegan@enron.com>,
	"Dickson, Stacy E." <Stacy.E.Dickson@ENRON.com>,
	"Douglas, Stephen H." <Stephen.H.Douglas@ENRON.com>,
	"Van Hooser, Steve" <Steve.Van.Hooser@ENRON.com>,
	"Zisman, Stuart" <Stuart.Zisman@ENRON.com>,
	"Bulgawicz, Susan" <Susan.Bulgawicz@ENRON.com>,
	"Musch, Susan" <Susan.Musch@ENRON.com>,
	<swallac@enron.com>,
	<tara.rafter@enron.com>,
	"Bushman, Teresa G." <Teresa.G.Bushman@ENRON.com>,
	"Pryor, Tony" <Tony.Pryor@ENRON.com>,
	"McCullough, Travis" <Travis.McCullough@ENRON.com>,
	"Cash, Trey" <Trey.Cash@ENRON.com>,
	"Nieto, Victor" <Victor.Nieto@ENRON.com>,
	<vsharp@enron.com>,
	"Cline, Wade" <Wade.Cline@ENRON.com>,
	<walt_zimmerman@eott.com>,
	"Gresham, Wayne" <Wayne.Gresham@ENRON.com>,
	"Gardner, Wayne" <Wayne_Gardner@ENRON.net>,
	"Krenz, William" <William.Krenz@ENRON.com>,
	"Apasu, Yao" <Yao.Apasu@ENRON.com>
Cc: "Maronge, Bridget" <Bridget.Maronge@ENRON.com>
Return-Path: Sara.Davidson@ENRON.com

Andy Fastow's office has requested that I forward to all Enron attorneys.  If you have any questions, please contact Andy Fastow.

 -----Original Message-----
From: 	Maronge, Bridget  
Sent:	Thursday, August 02, 2001 9:39 AM
To:	Davidson, Sara
Cc:	Fastow, Andrew
Subject:	FW: Private Equity Transactions and LJM2 (From A Fastow)

Sara, per our conversation, please forward the following message to all Enron attorneys.

Thanks.

Bridget

 -----Original Message-----
From: 	Maronge, Bridget  
Sent:	Thursday, August 02, 2001 9:35 AM
To:	Blachman, Jeremy; Bowen Jr., Raymond; Brown, Michael - COO London; Buy, Rick; Causey, Richard; Cline, Wade; Cox, David; Delainey, David; Derrick Jr., James; Dietrich, Janet; Donahue, Jeff; Kitchen, Louise; Koenig, Mark; Lavorato, John; Lay, Kenneth; Leff, Dan; McCarty, Danny; Mcconnell, Mike; Metts, Mark; Muller, Mark; Olson, Cindy; Piper, Greg; Rice, Ken; Scrimshaw, Matthew; Shankman, Jeffrey A.; Sherrick, Jeffrey; Sherriff, John; Skilling, Jeff; Sunde, Marty; Whalley, Greg; Butts, Bob; Colwell, Wes; Faldyn, Rodney; Siurek, Ryan; Lindsey, Mark E.; Fallon, Jim; Frevert, Mark; Glisan, Ben; Hannon, Kevin; Hayslett, Rod; Horton, Stanley; Hughes, James A.; Kean, Steven J.; Anderson, Peter N.; Birmingham, Mary; Boots, Kelly H.; Boyle, Dan; Castagnola, Daniel; Caudell, Greg; Dechow, Patricia K.; Delacey, Charles; Despain, Tim; Freeland, Clint; Garcia, Paul; Gibson, Roy; Gonzalez, Luis; Heineman, Sarah; Hendricks, Lois; Hiltabrand, Thomas J.; Hudler, Shirley A.; Jens, Felipe; Loehr, Chris; Mata, Jessie; McIntyre, Kelley; Mckean, George; McSpadden, Carol; Mitchell, David; Mintz, Jordan; Moehlman, Cathy; Newgard, Jim; Nogid, Jeff; Perkins, Mary; Pullicino, Marcus; Poleo, Jesus; Popovich, Dragan; Kopper, Michael; Richardson, James; Rodriguez, Ramona; Round, Samuel; Schnapper, Barry; Simien, Jimmy; Steinbrueck, Brian; Swinford, Brian; Swisher, Nera; Veariel, Robin; Wenz, Michelle; Wesner-Soong, Sarah; Winfrey, Travis; Yaeger, Anne; Zarate, Maritza; Davidson, Sara; Hart, Reginald; Kuykendall, Kent; Miller, Michael J; Perry, Pamela; Randolph, Ruth; Randolph, Trevor
Cc:	Fastow, Andrew
Subject:	Private Equity Transactions and LJM2 (From A Fastow)


Please note that LJM2 Co-Investment, L.P. ("LJM2") is no longer a "related party" for purposes of disclosure in Enron's proxy and financial statements.  Transactions may occur with LJM2 as with any other unrelated third party.

Andy Fastow
EVP/CFO, ENRON









